transactionIdSource,clientId,amount,transactionDate
IY20241026,5555,12,2024-10-26T12:00:00.000-04:00
8VKYlYsE,38,332.72,2024-12-09T19:01:16.660931+00:00
Cp0Q4AAZ,69,559.27,2024-12-09T19:01:16.660957+00:00
e3cQnzkI,90,843.19,2024-12-09T19:01:16.660969+00:00
r0hy7sCN,85,168.7,2024-12-09T19:01:16.660979+00:00
kmamABsC,77,958.68,2024-12-09T19:01:16.660988+00:00
sUS0lzaa,86,238.07,2024-12-09T19:01:16.660996+00:00
ZuCyI2AH,58,718.94,2024-12-09T19:01:16.661004+00:00
FyF30kl2,93,629.1,2024-12-09T19:01:16.661012+00:00
P3DJ43oK,47,344.7,2024-12-09T19:01:16.661020+00:00
O5BxKJjl,94,49.35,2024-12-09T19:01:16.661028+00:00
I6OSeY7V,61,117.35,2024-12-15T03:35:27.983939+00:00
kNnLKxmE,56,647.55,2024-12-15T03:35:27.983952+00:00
vP5tzCrv,97,340.87,2024-12-15T03:35:27.983959+00:00
1gRxQz00,78,276.17,2024-12-15T03:35:27.983964+00:00
SLJ9WVud,48,777.11,2024-12-15T03:35:27.983968+00:00
3A5SzzjZ,9,683.99,2024-12-15T03:35:27.983973+00:00
8v1K5HBd,79,930.27,2024-12-15T03:35:27.983977+00:00
ZpCOxXiY,31,205.21,2024-12-15T03:35:27.983980+00:00
bnrWODni,46,759.47,2024-12-15T03:35:27.983984+00:00
bOs9uBjF,58,34.82,2024-12-15T03:35:27.983988+00:00
T9YFHGoF,44,576.03,2024-12-15T03:35:27.983991+00:00
giaGPnjx,43,920.12,2024-12-15T03:35:27.983995+00:00
woxcufpv,29,319.13,2024-12-15T03:35:27.983999+00:00
MqGH5Xzy,76,988.34,2024-12-15T03:35:27.984003+00:00
VpWrv8oD,93,399.95,2024-12-15T03:35:27.984007+00:00
RgXazTb8,11,798.94,2024-12-15T03:35:27.984011+00:00
ooDQejMO,16,423.7,2024-12-15T03:35:27.984014+00:00
pphraLpo,84,672.95,2024-12-15T03:35:27.984018+00:00
IbcsH652,73,635.36,2024-12-15T03:35:27.984021+00:00
aRPnznmM,62,175.31,2024-12-15T03:35:27.984024+00:00
xhgfF60M,76,471.03,2024-12-15T03:35:27.984028+00:00
yqVyQs1a,37,143.87,2024-12-15T03:35:27.984032+00:00
zyYjy2kC,4,901.85,2024-12-15T03:35:27.984036+00:00
rXblGdRC,48,157.07,2024-12-15T03:35:27.984039+00:00
w5LPKF4o,63,966.3,2024-12-15T03:35:27.984043+00:00
Ga89H92x,74,438.68,2024-12-15T03:35:27.984047+00:00
Q0XxCN3R,35,322.98,2024-12-15T03:35:27.984051+00:00
OUuczE5Z,24,315.8,2024-12-15T03:35:27.984054+00:00
S6inadt4,37,439.28,2024-12-15T03:35:27.984058+00:00
9cix1EAU,1,175.01,2024-12-15T03:35:27.984061+00:00
LHgaH0jN,50,160.67,2024-12-15T03:35:27.984065+00:00
QDyT5veh,23,419.36,2024-12-15T03:35:27.984068+00:00
HMbp7CUI,23,49.94,2024-12-15T03:35:27.984072+00:00
x5kI0vcW,62,102.78,2024-12-15T03:35:27.984075+00:00
UOAvHL7x,35,165.71,2024-12-15T03:35:27.984079+00:00
p0kOvbs5,68,744.67,2024-12-15T03:35:27.984083+00:00
SbCSsttN,62,341.45,2024-12-15T03:35:27.984087+00:00
CVsKr2Dn,13,669.45,2024-12-15T03:35:27.984090+00:00
ts0j6R1b,24,347.09,2024-12-15T03:35:27.984094+00:00
72LL7sxA,17,581.08,2024-12-15T03:35:27.984097+00:00
0ITJCKjI,3,679.13,2024-12-15T03:35:27.984101+00:00
hjtUMhQI,11,970.33,2024-12-15T03:35:27.984104+00:00
PiqMPtPF,47,63.63,2024-12-15T03:35:27.984108+00:00
FRJrM68v,27,152.33,2024-12-15T03:35:27.984111+00:00
Drh66Dtb,90,575.57,2024-12-15T03:35:27.984114+00:00
4ACjEP31,25,456.61,2024-12-15T03:35:27.984118+00:00
UIPrif26,90,468.96,2024-12-15T03:35:27.984129+00:00
b0gRYCwB,40,914.99,2024-12-15T03:35:27.984133+00:00
VLRIP8EW,34,442.73,2024-12-15T03:35:27.984137+00:00
ZTUw44Bg,12,655.26,2024-12-15T03:35:27.984140+00:00
QK4vDeOw,20,539.39,2024-12-15T03:35:27.984144+00:00
WcERAlpu,94,265.19,2024-12-15T03:35:27.984147+00:00
uElwOHXY,14,549.91,2024-12-15T03:35:27.984151+00:00
O1KbWTcj,30,600.34,2024-12-15T03:35:27.984155+00:00
lGuswM5b,86,586.06,2024-12-15T03:35:27.984158+00:00
OoTzfkIZ,33,672.82,2024-12-15T03:35:27.984161+00:00
wPwTRNwc,34,606.17,2024-12-15T03:35:27.984165+00:00
PLiYJmnX,45,929.04,2024-12-15T03:35:27.984168+00:00
os61ZTvg,51,418.78,2024-12-15T03:35:27.984172+00:00
mt7PwHMc,82,989.59,2024-12-15T03:35:27.984176+00:00
hDMO1H05,3,680.66,2024-12-15T03:35:27.984180+00:00
rayOkeIm,38,265.63,2024-12-15T03:35:27.984183+00:00
1HvZt5YS,10,902.65,2024-12-15T03:35:27.984187+00:00
psjroo6b,28,266.31,2024-12-15T03:35:27.984190+00:00
rtWFvCwO,12,91.63,2024-12-15T03:35:27.984193+00:00
uRBjiT1P,90,248.5,2024-12-15T03:35:27.984197+00:00
EZeyfUZ4,2,900.39,2024-12-15T03:35:27.984200+00:00
1D1lYJhL,92,347.58,2024-12-15T03:35:27.984204+00:00
iLFktbOq,26,179.04,2024-12-15T03:35:27.984208+00:00
1pgmeMo8,73,294.15,2024-12-15T03:35:27.984211+00:00
hg8hULnx,59,253.03,2024-12-15T03:35:27.984214+00:00
AVGYObOf,92,385.94,2024-12-15T03:35:27.984218+00:00
lsSXMHyf,39,6.84,2024-12-15T03:35:27.984224+00:00
VqtmT4EG,66,899.16,2024-12-15T03:35:27.984228+00:00
88o8BxHu,40,993.69,2024-12-15T03:35:27.984231+00:00
2odm8g2e,93,58.37,2024-12-15T03:35:27.984235+00:00
8cgZSpWI,41,391.38,2024-12-15T03:35:27.984238+00:00
xBPc7tyU,38,536.98,2024-12-15T03:35:27.984242+00:00
ASOnhcCv,42,498.38,2024-12-15T03:35:27.984246+00:00
ldaYtlzc,61,276.85,2024-12-15T03:35:27.984250+00:00
ubbKrzyI,74,517.18,2024-12-15T03:35:27.984253+00:00
JbTjMY8g,4,579.79,2024-12-15T03:35:27.984257+00:00
BNPngv0M,36,743.84,2024-12-15T03:35:27.984260+00:00
luH7haKW,88,948.33,2024-12-15T03:35:27.984263+00:00
xXG7p2U2,70,637.13,2024-12-15T03:35:27.984267+00:00
EshY9VSm,38,953.49,2024-12-15T03:35:27.984270+00:00
aEvfY7MR,56,299.33,2024-12-15T03:35:27.984273+00:00
IlQpzkZx,64,955.05,2024-12-15T03:35:27.984276+00:00
L4uDEN0D,67,753.79,2024-12-15T03:35:27.984280+00:00
9BEBJrLu,71,309.39,2024-12-15T03:35:27.984283+00:00
RDgRpsHI,27,600.6,2024-12-15T03:35:27.984286+00:00
2Q6JiJq7,77,347.92,2024-12-15T03:35:27.984290+00:00
TnV8OHSb,42,112.97,2024-12-15T03:35:27.984293+00:00
17aLCgyJ,70,830.71,2024-12-15T03:35:27.984297+00:00
OS6QCzfN,63,278.01,2024-12-15T03:35:27.984300+00:00
O4fcPQ1g,1,530.89,2024-12-15T03:35:27.984303+00:00
l68cK4vC,59,797.58,2024-12-15T03:35:27.984309+00:00
5PdPJYXI,12,822.22,2024-12-15T03:35:27.984312+00:00
tYFqSVCa,15,468.25,2024-12-15T03:35:27.984316+00:00
UJse2fKC,69,976.08,2024-12-15T03:35:27.984319+00:00
jVUVAhmH,42,477.31,2024-12-15T03:35:27.984323+00:00
uiAQhrBY,98,817.46,2024-12-15T03:35:27.984326+00:00
4b5hZVSi,44,704.53,2024-12-15T03:35:27.984329+00:00
l4tuje9B,82,232.72,2024-12-15T03:35:27.984334+00:00
0hIYH4jq,19,209.82,2024-12-15T03:35:27.984338+00:00
xvxcSnq9,77,196.44,2024-12-15T03:35:27.984341+00:00
Syne3qqF,22,36.73,2024-12-15T03:35:27.984344+00:00
cmWtZgoo,20,4.15,2024-12-15T03:35:27.984348+00:00
rTubqOTZ,94,54.39,2024-12-15T03:35:27.984351+00:00
Ul7SAm5F,9,712.21,2024-12-15T03:35:27.984354+00:00
byz0UFvv,62,492.84,2024-12-15T03:35:27.984358+00:00
KiYPYDmL,31,69.51,2024-12-15T03:35:27.984361+00:00
Te0EmOO0,21,997.49,2024-12-15T03:35:27.984364+00:00
O0IiYC6n,54,405.61,2024-12-15T03:35:27.984368+00:00
UDs0Hh5Y,68,866.88,2024-12-15T03:35:27.984371+00:00
3hprmtSS,10,279.99,2024-12-15T03:35:27.984374+00:00
hHZwAJjM,58,128.04,2024-12-15T03:35:27.984377+00:00
7NPr0oxy,83,224.29,2024-12-15T03:35:27.984381+00:00
v9cpe9eg,4,528.76,2024-12-15T03:35:27.984384+00:00
Iu7Uyc3U,95,491.11,2024-12-15T03:35:27.984387+00:00
U1trI2eO,35,614.83,2024-12-15T03:35:27.984391+00:00
YK52KGQd,63,570.08,2024-12-15T03:35:27.984394+00:00
ibBEHxU5,7,41.84,2024-12-15T03:35:27.984398+00:00
QEirnnEA,84,112.41,2024-12-15T03:35:27.984401+00:00
jCaQr9wf,20,973.63,2024-12-15T03:35:27.984404+00:00
AInoXy0j,2,282.56,2024-12-15T03:35:27.984407+00:00
Yp0Ncmbw,27,755.81,2024-12-15T03:35:27.984411+00:00
rj9JtEc9,88,959.0,2024-12-15T03:35:27.984414+00:00
6c3ro49q,40,791.83,2024-12-15T03:35:27.984418+00:00
jWnfbUFA,86,820.37,2024-12-15T03:35:27.984421+00:00
rejzU9Jg,75,313.08,2024-12-15T03:35:27.984424+00:00
1QUvYhEY,2,938.15,2024-12-15T03:35:27.984428+00:00
OrGLahhM,41,694.99,2024-12-15T03:35:27.984432+00:00
2Jf4BqlZ,75,974.74,2024-12-15T03:35:27.984435+00:00
c9siA0gb,85,477.55,2024-12-15T03:35:27.984438+00:00
rJZhK8ae,41,580.28,2024-12-15T03:35:27.984443+00:00
FBN8xaBd,46,70.46,2024-12-15T03:35:27.984447+00:00
mOMnqO0s,43,61.11,2024-12-15T03:35:27.984450+00:00
JtnDi6mI,16,434.93,2024-12-15T03:35:27.984453+00:00
ZIMerPuk,37,144.13,2024-12-15T03:35:27.984457+00:00
M5ev4OKI,22,574.2,2024-12-15T03:35:27.984460+00:00
r1yVaMvA,6,541.33,2024-12-15T03:35:27.984464+00:00
MSpKba1z,6,727.76,2024-12-15T03:35:27.984467+00:00
d3F88YVt,6,922.5,2024-12-15T03:35:27.984470+00:00
cP3AYjw5,82,211.39,2024-12-15T03:35:27.984474+00:00
mx0LBjvd,30,632.53,2024-12-15T03:35:27.984477+00:00
Escy6oc9,29,428.37,2024-12-15T03:35:27.984480+00:00
QbPh3BtS,19,586.11,2024-12-15T03:35:27.984486+00:00
UECr5CuW,50,745.64,2024-12-15T03:35:27.984490+00:00
6FipXxFa,23,969.71,2024-12-15T03:35:27.984493+00:00
1jn9JQtg,55,548.11,2024-12-15T03:35:27.984497+00:00
S9Du6oVK,88,700.43,2024-12-15T03:35:27.984500+00:00
E6F6tmid,76,508.07,2024-12-15T03:35:27.984504+00:00
nU0POp7W,9,649.38,2024-12-15T03:35:27.984507+00:00
H6F6PjSz,91,801.27,2024-12-15T03:35:27.984510+00:00
B8UMaUry,68,22.06,2024-12-15T03:35:27.984514+00:00
PRb50LD2,95,335.37,2024-12-15T03:35:27.984517+00:00
6sEwidQG,18,137.75,2024-12-15T03:35:27.984520+00:00
YnJz5ogp,74,464.32,2024-12-15T03:35:27.984524+00:00
5iIfWFVy,32,727.88,2024-12-15T03:35:27.984527+00:00
AYle5LBS,85,275.32,2024-12-15T03:35:27.984530+00:00
uCOfdJv0,5,177.79,2024-12-15T03:35:27.984533+00:00
v9fXDWYu,25,559.92,2024-12-15T03:35:27.984536+00:00
yDU9ljy7,53,402.58,2024-12-15T03:35:27.984540+00:00
slLV1DJj,28,929.97,2024-12-15T03:35:27.984543+00:00
bY8LhfJL,31,711.06,2024-12-15T03:35:27.984547+00:00
HrK8VSdK,56,5.1,2024-12-15T03:35:27.984550+00:00
oYMBNK3w,96,857.25,2024-12-15T03:35:27.984555+00:00
ZQBpO6UN,41,195.29,2024-12-15T03:35:27.984559+00:00
tRTXKWwP,99,682.33,2024-12-15T03:35:27.984562+00:00
G1AVLCdU,60,718.03,2024-12-15T03:35:27.984566+00:00
7BnMS548,64,303.32,2024-12-15T03:35:27.984569+00:00
nDV7Xi2d,69,453.32,2024-12-15T03:35:27.984572+00:00
VOhT5NL8,38,191.79,2024-12-15T03:35:27.984575+00:00
4gunnKls,42,676.49,2024-12-15T03:35:27.984579+00:00
1062naBc,16,707.76,2024-12-15T03:35:27.984582+00:00
MTIGvdSO,3,193.51,2024-12-15T03:35:27.984585+00:00
mXXikDdO,96,206.78,2024-12-15T03:35:27.984589+00:00
9rg2NqOu,1,96.83,2024-12-15T03:35:27.984592+00:00
FpmtbUs5,8,472.03,2024-12-15T03:35:27.984595+00:00
SKrScFrb,11,747.47,2024-12-15T03:35:27.984599+00:00
ZSeVNdBa,65,622.9,2024-12-15T03:35:27.984602+00:00
T1LqkGhU,93,823.03,2024-12-15T03:35:27.984605+00:00
5ysqtxgy,56,880.51,2024-12-15T03:35:27.984608+00:00
PHyvz1js,33,904.89,2024-12-15T03:35:27.984612+00:00
vd8TOc57,19,714.07,2024-12-15T03:35:27.984615+00:00
Qw9Y3ncI,84,27.56,2024-12-15T03:35:27.984618+00:00
C8eSPK48,100,502.56,2024-12-15T03:35:27.984621+00:00
QWo0Ntll,27,64.82,2024-12-15T03:35:27.984625+00:00
qTgmKlVh,4,72.4,2024-12-15T03:35:27.984628+00:00
sT5GYdEt,24,687.63,2024-12-15T03:35:27.984632+00:00
RFJqUlnS,86,592.72,2024-12-15T03:35:27.984635+00:00
4A2fBNk3,8,390.69,2024-12-15T03:35:27.984638+00:00
gBjH5BL3,70,274.61,2024-12-15T03:35:27.984641+00:00
ur2dxoBl,53,363.35,2024-12-15T03:35:27.984645+00:00
exehZL6c,29,452.47,2024-12-15T03:35:27.984648+00:00
0weCu9Cw,6,337.87,2024-12-15T03:35:27.984652+00:00
UbKjqowc,70,608.01,2024-12-15T03:35:27.984655+00:00
3AW5sj1o,52,844.68,2024-12-15T03:35:27.984660+00:00
oggIYLI3,61,938.12,2024-12-15T03:35:27.984665+00:00
FdIyx2wa,50,660.86,2024-12-15T03:35:27.984669+00:00
cLqjXO1W,47,234.52,2024-12-15T03:35:27.984672+00:00
iy1JsZtE,56,18.05,2024-12-15T03:35:27.984676+00:00
VOBGFBcw,56,434.2,2024-12-15T03:35:27.984679+00:00
jsxLymh5,4,29.1,2024-12-15T03:35:27.984683+00:00
T8ewMiiQ,95,685.18,2024-12-15T03:35:27.984686+00:00
tmLjRVvc,18,476.33,2024-12-15T03:35:27.984689+00:00
jen8gH4c,79,428.65,2024-12-15T03:35:27.984693+00:00
jGGd5l4s,25,549.12,2024-12-15T03:35:27.984696+00:00
yAEYnBXa,27,501.48,2024-12-15T03:35:27.984699+00:00
t486nArI,1,663.57,2024-12-15T03:35:27.984703+00:00
jsBROWZ6,54,750.21,2024-12-15T03:35:27.984706+00:00
9WKscz0a,91,38.25,2024-12-15T03:35:27.984709+00:00
6dDTvSeC,35,331.69,2024-12-15T03:35:27.984712+00:00
E6rTbBuZ,25,655.88,2024-12-15T03:35:27.984716+00:00
aUOrBNna,78,877.78,2024-12-15T03:35:27.984721+00:00
RzkOUz4B,100,98.77,2024-12-15T03:35:27.984724+00:00
P2gnlWgN,21,143.4,2024-12-15T03:35:27.984727+00:00
92qPl1So,28,97.01,2024-12-15T03:35:27.984730+00:00
YwxsNSNT,18,63.22,2024-12-15T03:35:27.984734+00:00
rNQ1Z3JQ,75,833.2,2024-12-15T03:35:27.984737+00:00
iMJOOXbR,2,442.85,2024-12-15T03:35:27.984740+00:00
GaWhq4j4,15,976.45,2024-12-15T03:35:27.984744+00:00
dgcFnXxt,89,694.14,2024-12-15T03:35:27.984747+00:00
SU5kJJj5,19,42.41,2024-12-15T03:35:27.984750+00:00
Ixqsx4l2,91,799.67,2024-12-15T03:35:27.984754+00:00
bpWLE1Pr,22,370.3,2024-12-15T03:35:27.984757+00:00
5OE4inNe,14,295.81,2024-12-15T03:35:27.984760+00:00
6yPNahj0,35,59.97,2024-12-15T03:35:27.984763+00:00
0889MVxE,74,677.68,2024-12-15T03:35:27.984767+00:00
5kmZuyyl,38,911.67,2024-12-15T03:35:27.984772+00:00
QVq3FN6c,79,637.85,2024-12-15T03:35:27.984775+00:00
YV1LCowf,9,55.51,2024-12-15T03:35:27.984779+00:00
wAULNXof,86,34.75,2024-12-15T03:35:27.984782+00:00
VVomoPUo,44,816.14,2024-12-15T03:35:27.984786+00:00
ALqZWEI8,17,500.73,2024-12-15T03:35:27.984789+00:00
qcRkkvtY,12,554.72,2024-12-15T03:35:27.984792+00:00
oQYw0PpN,74,327.97,2024-12-15T03:35:27.984796+00:00
GjbqvTqm,21,682.25,2024-12-15T03:35:27.984799+00:00
VH3pN9aW,65,176.72,2024-12-15T03:35:27.984803+00:00
5LTKkioj,1,798.74,2024-12-15T03:35:27.984806+00:00
KYqvqGb1,23,236.6,2024-12-15T03:35:27.984809+00:00
LEdlYu5H,23,878.39,2024-12-15T03:35:27.984812+00:00
AmyLm6wS,68,16.69,2024-12-15T03:35:27.984816+00:00
7cY5MGyj,98,654.23,2024-12-15T03:35:27.984819+00:00
NAy4RzcV,20,884.18,2024-12-15T03:35:27.984822+00:00
tRP6wVVn,72,495.34,2024-12-15T03:35:27.984826+00:00
qZvAoMGj,54,586.63,2024-12-15T03:35:27.984829+00:00
0WTDfPSD,5,836.35,2024-12-15T03:35:27.984832+00:00
WOE6dezH,16,999.47,2024-12-15T03:35:27.984836+00:00
pipoBAtX,19,168.52,2024-12-15T03:35:27.984842+00:00
CuaJ5izl,42,880.76,2024-12-15T03:35:27.984846+00:00
kcoer2pG,37,837.42,2024-12-15T03:35:27.984849+00:00
Pk4FD8XM,34,589.08,2024-12-15T03:35:27.984852+00:00
OBLHAoiz,71,881.2,2024-12-15T03:35:27.984861+00:00
s4xof3r6,43,847.48,2024-12-15T03:35:27.984864+00:00
jbaXQb7d,100,632.04,2024-12-15T03:35:27.984867+00:00
p0o7tggy,26,172.38,2024-12-15T03:35:27.984871+00:00
JZEs6Vjx,61,113.86,2024-12-15T03:35:27.984874+00:00
3W0GOpUL,63,403.05,2024-12-15T03:35:27.984877+00:00
a17TwNMF,60,249.95,2024-12-15T03:35:27.984881+00:00
2xH5iHYy,61,513.3,2024-12-15T03:35:27.984885+00:00
3KqFWWb6,73,697.3,2024-12-15T03:35:27.984890+00:00
lGuBYOOj,99,487.03,2024-12-15T03:35:27.984894+00:00
mbMobqGI,77,690.03,2024-12-15T03:35:27.984897+00:00
gmt0Dq2G,99,310.76,2024-12-15T03:35:27.984901+00:00
FvCBU2R6,41,137.84,2024-12-15T03:35:27.984904+00:00
J7RwSu6y,66,665.87,2024-12-15T03:35:27.984907+00:00
XGoQc1Vj,89,459.95,2024-12-15T03:35:27.984911+00:00
NJkpakMY,44,801.25,2024-12-15T03:35:27.984914+00:00
i6pGCZ0I,27,300.27,2024-12-15T03:35:27.984917+00:00
R1oo5vQ5,66,255.54,2024-12-15T03:35:27.984921+00:00
YMk7qFT2,39,504.26,2024-12-15T03:35:27.984924+00:00
VCu95I7X,84,898.97,2024-12-15T03:35:27.984927+00:00
Y926XFw8,65,549.66,2024-12-15T03:35:27.984931+00:00
bEGTxbsc,72,62.53,2024-12-15T03:35:27.984934+00:00
x8avH2pA,50,453.47,2024-12-15T03:35:27.984937+00:00
aERvaF5u,67,581.11,2024-12-15T03:35:27.984941+00:00
FUf3BlnR,21,492.89,2024-12-15T03:35:27.984946+00:00
EzBdyWEg,77,879.73,2024-12-15T03:35:27.984950+00:00
FTwB2oJP,63,755.89,2024-12-15T03:35:27.984953+00:00
CoQnPo8y,69,364.79,2024-12-15T03:35:27.984956+00:00
EWdeI5mp,35,180.62,2024-12-15T03:35:27.984960+00:00
iM6IO6Q4,98,481.41,2024-12-15T03:35:27.984963+00:00
eBHH7Jtj,2,849.28,2024-12-15T03:35:27.984966+00:00
sxah1utV,60,563.21,2024-12-15T03:35:27.984970+00:00
MV1sWaUR,39,50.84,2024-12-15T03:35:27.984973+00:00
QoWtLRPo,93,433.0,2024-12-15T03:35:27.984976+00:00
roZKgMoL,58,375.47,2024-12-15T03:35:27.984980+00:00
eNMHkDk2,65,525.69,2024-12-15T03:35:27.984983+00:00
f9I5bIIj,74,563.08,2024-12-15T03:35:27.984986+00:00
4cZ4rEUE,100,100.4,2024-12-15T03:35:27.984990+00:00
IqUYRCA1,55,808.75,2024-12-15T03:35:27.984993+00:00
up4CK1cC,4,330.42,2024-12-15T03:35:27.984996+00:00
Ry69167R,74,573.71,2024-12-15T03:35:27.985002+00:00
KH4ulsvc,5,19.05,2024-12-15T03:35:27.985005+00:00
mnLHD4JZ,98,329.96,2024-12-15T03:35:27.985008+00:00
Ugq87Oc7,2,135.54,2024-12-15T03:35:27.985012+00:00
WUT9yPyf,68,560.55,2024-12-15T03:35:27.985015+00:00
jKG4wgzG,46,27.74,2024-12-15T03:35:27.985019+00:00
pwx9mX2o,66,424.26,2024-12-15T03:35:27.985026+00:00
HaoQuSeF,59,630.49,2024-12-15T03:35:27.985029+00:00
cfaL3DYK,57,90.36,2024-12-15T03:35:27.985032+00:00
iZ9Q2Z39,47,782.39,2024-12-15T03:35:27.985036+00:00
glV0BjzE,90,211.36,2024-12-15T03:35:27.985039+00:00
t6kMm2zP,53,324.29,2024-12-15T03:35:27.985042+00:00
NIsAgLyT,3,153.69,2024-12-15T03:35:27.985046+00:00
WQKMxFfZ,85,197.15,2024-12-15T03:35:27.985049+00:00
jA2ISf8v,48,715.8,2024-12-15T03:35:27.985052+00:00
eGP11tPs,51,700.08,2024-12-15T03:35:27.985056+00:00
TeSZ2xxI,99,907.93,2024-12-15T03:35:27.985059+00:00
on0Axh3f,34,88.22,2024-12-15T03:35:27.985063+00:00
HFHD8wBm,52,598.17,2024-12-15T03:35:27.985066+00:00
Iy7Z3E20,18,821.25,2024-12-15T03:35:27.985069+00:00
z59n0B6F,32,755.11,2024-12-15T03:35:27.985072+00:00
iNwtA8sS,27,609.29,2024-12-15T03:35:27.985076+00:00
jI1ppGKt,47,774.36,2024-12-15T03:35:27.985079+00:00
ZmEMFzNO,12,914.23,2024-12-15T03:35:27.985082+00:00
ii4dmDwu,81,607.72,2024-12-15T03:35:27.985086+00:00
VUgQaiG1,96,250.47,2024-12-15T03:35:27.985089+00:00
TqOkXNDs,23,76.08,2024-12-15T03:35:27.985092+00:00
RLJM0GMS,23,692.39,2024-12-15T03:35:27.985096+00:00
6BkxU4no,32,997.4,2024-12-15T03:35:27.985099+00:00
Wuqrvgml,9,59.08,2024-12-15T03:35:27.985102+00:00
9XH0A1fB,24,687.85,2024-12-15T03:35:27.985106+00:00
oQM2eCSl,80,320.64,2024-12-15T03:35:27.985109+00:00
DxoE3OJf,47,118.44,2024-12-15T03:35:27.985115+00:00
BeANm1Z6,79,826.12,2024-12-15T03:35:27.985118+00:00
SyVqlqm0,35,774.1,2024-12-15T03:35:27.985122+00:00
kfSETCWu,86,45.43,2024-12-15T03:35:27.985125+00:00
RfL7rVHA,22,322.74,2024-12-15T03:35:27.985129+00:00
mSZHvrEm,84,646.41,2024-12-15T03:35:27.985132+00:00
e5O9HFAL,87,223.11,2024-12-15T03:35:27.985136+00:00
F0Dr2gzC,69,281.31,2024-12-15T03:35:27.985139+00:00
SbkM52V3,38,821.52,2024-12-15T03:35:27.985142+00:00
TWbqyc7C,97,422.35,2024-12-15T03:35:27.985145+00:00
0OfpQtxZ,58,766.7,2024-12-15T03:35:27.985149+00:00
PURMVxZs,37,871.6,2024-12-15T03:35:27.985152+00:00
0nS0Bdw9,9,351.47,2024-12-15T03:35:27.985155+00:00
pKrTMEDo,23,731.01,2024-12-15T03:35:27.985159+00:00
TBpFHgv9,38,148.08,2024-12-15T03:35:27.985162+00:00
NoaijTRL,96,495.92,2024-12-15T03:35:27.985167+00:00
5t0TuqDA,2,950.68,2024-12-15T03:35:27.985170+00:00
hR47uX8n,22,267.09,2024-12-15T03:35:27.985174+00:00
v7Q6sWfn,23,466.15,2024-12-15T03:35:27.985177+00:00
9cvqMvmm,63,17.9,2024-12-15T03:35:27.985180+00:00
zh7DpWbO,59,379.18,2024-12-15T03:35:27.985184+00:00
RdFwQGMN,63,327.96,2024-12-15T03:35:27.985187+00:00
0n19mCn2,13,174.8,2024-12-15T03:35:27.985190+00:00
rk5rThsv,77,837.34,2024-12-15T03:35:27.985193+00:00
2IE03QHy,16,787.31,2024-12-15T03:35:27.985197+00:00
dJXzY6do,20,24.38,2024-12-15T03:35:27.985202+00:00
39szPRIX,98,78.36,2024-12-15T03:35:27.985206+00:00
qQIzPvVA,46,446.21,2024-12-15T03:35:27.985209+00:00
zBvmaRE0,92,132.69,2024-12-15T03:35:27.985212+00:00
WqriCsL0,91,465.79,2024-12-15T03:35:27.985216+00:00
17iwKcjA,69,608.34,2024-12-15T03:35:27.985219+00:00
XuHF3HZf,86,214.69,2024-12-15T03:35:27.985222+00:00
BnobB1qg,19,688.47,2024-12-15T03:35:27.985227+00:00
6oJEEYWV,19,736.17,2024-12-15T03:35:27.985231+00:00
QLKsZ8ni,59,857.65,2024-12-15T03:35:27.985235+00:00
eKPeB9n2,36,952.21,2024-12-15T03:35:27.985238+00:00
7n3Uu0h6,41,112.6,2024-12-15T03:35:27.985241+00:00
BehALyRR,69,735.51,2024-12-15T03:35:27.985245+00:00
mKPCiBcQ,52,382.0,2024-12-15T03:35:27.985248+00:00
PNyt5Qz7,77,349.08,2024-12-15T03:35:27.985251+00:00
rSMcGja8,76,261.6,2024-12-15T03:35:27.985255+00:00
ZS8OxYTj,50,585.27,2024-12-15T03:35:27.985258+00:00
T4gwfIVj,96,834.94,2024-12-15T03:35:27.985261+00:00
sjb4XqqS,11,249.28,2024-12-15T03:35:27.985265+00:00
jRRjfZM6,63,183.18,2024-12-15T03:35:27.985268+00:00
ElBoDwbp,52,728.14,2024-12-15T03:35:27.985271+00:00
0UNgeZNX,67,353.18,2024-12-15T03:35:27.985274+00:00
gxGDS1Qc,69,587.59,2024-12-15T03:35:27.985278+00:00
hk6Ww5JJ,9,828.33,2024-12-15T03:35:27.985281+00:00
WAYMa2Lq,62,410.28,2024-12-15T03:35:27.985284+00:00
nLf4fP81,24,353.25,2024-12-15T03:35:27.985288+00:00
bKbE6Gwp,5,475.88,2024-12-15T03:35:27.985291+00:00
IvGHD7nu,97,426.33,2024-12-15T03:35:27.985294+00:00
KmQBtSBT,75,432.36,2024-12-15T03:35:27.985298+00:00
esGwAFrf,12,589.28,2024-12-15T03:35:27.985301+00:00
onbiezCH,27,162.87,2024-12-15T03:35:27.985304+00:00
rRDb1JCp,46,837.12,2024-12-15T03:35:27.985307+00:00
3fLnSiqE,85,843.48,2024-12-15T03:35:27.985311+00:00
Hh7XWIMZ,44,764.19,2024-12-15T03:35:27.985314+00:00
OTrx9d5P,61,948.18,2024-12-15T03:35:27.985317+00:00
UdUMmZuj,71,29.56,2024-12-15T03:35:27.985321+00:00
kyJzUeHJ,50,973.57,2024-12-15T03:35:27.985324+00:00
7WmUz3B9,98,884.54,2024-12-15T03:35:27.985327+00:00
IsgRNDpI,39,615.19,2024-12-15T03:35:27.985331+00:00
WMR9YG5y,2,870.66,2024-12-15T03:35:27.985335+00:00
dUUzf4Cu,31,695.21,2024-12-15T03:35:27.985339+00:00
9N9P8S1Q,82,699.75,2024-12-15T03:35:27.985343+00:00
s5bMTGLE,52,996.03,2024-12-15T03:35:27.985346+00:00
isdC8kKO,2,572.09,2024-12-15T03:35:27.985349+00:00
sEZN8nkE,55,643.76,2024-12-15T03:35:27.985353+00:00
lKWzwFPX,89,310.05,2024-12-15T03:35:27.985356+00:00
x5CFDNCV,44,496.38,2024-12-15T03:35:27.985359+00:00
NlxeBTvd,21,738.31,2024-12-15T03:35:27.985363+00:00
PMz8obK3,49,773.34,2024-12-15T03:35:27.985366+00:00
eXAw5QJP,96,649.13,2024-12-15T03:35:27.985369+00:00
gAcLqbYN,98,868.95,2024-12-15T03:35:27.985373+00:00
iew0LhPn,99,657.61,2024-12-15T03:35:27.985378+00:00
uJwatcD9,50,142.41,2024-12-15T03:35:27.985381+00:00
hlNMYK7J,80,298.46,2024-12-15T03:35:27.985385+00:00
w8GzMn7M,72,178.77,2024-12-15T03:35:27.985390+00:00
3rvQFN4U,48,254.72,2024-12-15T03:35:27.985393+00:00
5lRftYCj,11,119.38,2024-12-15T03:35:27.985396+00:00
CJptiFBA,4,415.54,2024-12-15T03:35:27.985399+00:00
XUmvloaL,61,240.01,2024-12-15T03:35:27.985403+00:00
27nJKvF2,70,765.48,2024-12-15T03:35:27.985406+00:00
FjQtGN0x,57,296.09,2024-12-15T03:35:27.985410+00:00
DgDqNgNG,89,361.12,2024-12-15T03:35:27.985413+00:00
ZLCM35sd,91,808.31,2024-12-15T03:35:27.985416+00:00
wnlLePvc,12,298.7,2024-12-15T03:35:27.985420+00:00
ahfKSusQ,66,609.37,2024-12-15T03:35:27.985423+00:00
qSAEpC7U,52,271.05,2024-12-15T03:35:27.985426+00:00
sYkQ8mw3,77,785.71,2024-12-15T03:35:27.985430+00:00
bgXRu8z4,62,273.28,2024-12-15T03:35:27.985433+00:00
cooLDUIM,7,943.71,2024-12-15T03:35:27.985436+00:00
2FZsSloo,99,52.5,2024-12-15T03:35:27.985440+00:00
3SDrhpHE,15,37.66,2024-12-15T03:35:27.985443+00:00
K8RTgsay,86,947.81,2024-12-15T03:35:27.985448+00:00
ecU8dXQ6,39,782.42,2024-12-15T03:35:27.985452+00:00
YLIzXx10,45,318.39,2024-12-15T03:35:27.985455+00:00
ZazgTGQX,14,349.27,2024-12-15T03:35:27.985458+00:00
dWt0hvIB,67,788.41,2024-12-15T03:35:27.985462+00:00
CqkvruSz,18,792.25,2024-12-15T03:35:27.985465+00:00
rzKz8KIM,89,921.37,2024-12-15T03:35:27.985468+00:00
5NrNWpEJ,79,868.76,2024-12-15T03:35:27.985472+00:00
ybzAOxtc,51,373.18,2024-12-15T03:35:27.985475+00:00
oO0h5LP3,27,691.13,2024-12-15T03:35:27.985478+00:00
85iFNcCe,9,586.23,2024-12-15T03:35:27.985481+00:00
CG3kCbz0,7,628.29,2024-12-15T03:35:27.985485+00:00
5gxE98q4,36,126.54,2024-12-15T03:35:27.985488+00:00
2anQRLEH,19,897.23,2024-12-15T03:35:27.985491+00:00
4mkpQAJo,15,501.23,2024-12-15T03:35:27.985495+00:00
fA40z6Q9,51,731.39,2024-12-15T03:35:27.985498+00:00
BCMoU1qJ,16,314.59,2024-12-15T03:35:27.985501+00:00
jyjkvBM6,47,438.77,2024-12-15T03:35:27.985505+00:00
B9K7rGWb,80,747.75,2024-12-15T03:35:27.985508+00:00
Gg6jOS2U,96,756.04,2024-12-15T03:35:27.985511+00:00
0L8F1sGM,59,813.07,2024-12-15T03:35:27.985514+00:00
2Vwzt2Kk,24,215.54,2024-12-15T03:35:27.985518+00:00
0VV5IWNx,85,499.49,2024-12-15T03:35:27.985521+00:00
HzfB3N2T,27,378.66,2024-12-15T03:35:27.985564+00:00
Z2jjHKU3,16,168.67,2024-12-15T03:35:27.985577+00:00
0YOGhRzf,43,721.42,2024-12-15T03:35:27.985584+00:00
kvaTCphu,27,468.4,2024-12-15T03:35:27.985590+00:00
G1ZtiPbn,2,581.4,2024-12-15T03:35:27.985597+00:00
5JUncYEt,23,382.34,2024-12-15T03:35:27.985602+00:00
fvU9AmbB,61,771.54,2024-12-15T03:35:27.985608+00:00
FJeqzm8I,25,656.14,2024-12-15T03:35:27.985614+00:00
VN4gelEc,15,103.43,2024-12-15T03:35:27.985620+00:00
a6YK65Nk,35,343.19,2024-12-15T03:35:27.985632+00:00
eKpe5iVo,71,373.88,2024-12-15T03:35:27.985637+00:00
nCWecqbq,6,348.84,2024-12-15T03:35:27.985644+00:00
L7ZUH7xB,15,224.01,2024-12-15T03:35:27.985718+00:00
XrA6dyAd,24,791.89,2024-12-15T03:35:27.985728+00:00
ICsfkX4e,5,208.5,2024-12-15T03:35:27.985734+00:00
WGzcQukx,74,280.26,2024-12-15T03:35:27.985741+00:00
pJFBQHLr,78,303.03,2024-12-15T03:35:27.985747+00:00
79SIuX1C,7,568.57,2024-12-15T03:35:27.985753+00:00
wIHr9NBP,38,887.45,2024-12-15T03:35:27.985760+00:00
cwJeuXG9,85,506.16,2024-12-15T03:35:27.985766+00:00
pzeHPwU3,48,907.47,2024-12-15T03:35:27.985772+00:00
1NORO2YZ,89,797.11,2024-12-15T03:35:27.985778+00:00
qvrnKxch,46,158.62,2024-12-15T03:35:27.985785+00:00
CkAMt1GN,76,853.84,2024-12-15T03:35:27.985791+00:00
VALjd8sU,60,102.73,2024-12-15T03:35:27.985800+00:00
ppVDMhIO,5,197.61,2024-12-15T03:35:27.985807+00:00
H8Q1d6Yv,11,809.98,2024-12-15T03:35:27.985814+00:00
Yicu3uaT,57,631.86,2024-12-15T03:35:27.985821+00:00
ERC0bHGx,45,7.75,2024-12-15T03:35:27.985829+00:00
Ei1J1FRK,77,722.9,2024-12-15T03:35:27.985836+00:00
trGHaN6G,57,772.84,2024-12-15T03:35:27.985843+00:00
HbkDBllq,41,33.77,2024-12-15T03:35:27.985849+00:00
p05AX8Vw,100,773.34,2024-12-15T03:35:27.985855+00:00
L8FQMdqq,65,608.95,2024-12-15T03:35:27.985861+00:00
u03uTuWD,30,680.52,2024-12-15T03:35:27.985866+00:00
PlETccVl,8,30.51,2024-12-15T03:35:27.985873+00:00
DEawq8bo,28,603.03,2024-12-15T03:35:27.985879+00:00
QYUkoFfu,48,339.54,2024-12-15T03:35:27.985885+00:00
m6MzEatv,27,269.92,2024-12-15T03:35:27.985890+00:00
wRgql9rQ,39,447.69,2024-12-15T03:35:27.985896+00:00
5YxcaAvq,36,736.08,2024-12-15T03:35:27.985904+00:00
AlHuE2p7,41,424.32,2024-12-15T03:35:27.985910+00:00
TihsGcen,89,189.35,2024-12-15T03:35:27.985916+00:00
42ASOfh2,29,926.24,2024-12-15T03:35:27.985922+00:00
Oke48T89,68,345.87,2024-12-15T03:35:27.985928+00:00
kkVBVAd6,67,363.0,2024-12-15T03:35:27.985933+00:00
97u3IPDV,15,404.04,2024-12-15T03:35:27.985939+00:00
4ZTUQi6i,97,807.14,2024-12-15T03:35:27.985944+00:00
RyYmkhSF,5,560.24,2024-12-15T03:35:27.985950+00:00
c7jWNwae,5,485.44,2024-12-15T03:35:27.985956+00:00
KwvtqUdf,1,591.3,2024-12-15T03:35:27.985962+00:00
Uh3Ty6sG,15,606.74,2024-12-15T03:35:27.985967+00:00
K1WYEG9Z,70,626.05,2024-12-15T03:35:27.985973+00:00
ecQfHQbK,41,703.22,2024-12-15T03:35:27.985978+00:00
sYew6NeW,53,24.02,2024-12-15T03:35:27.985984+00:00
9ba79bYP,51,143.26,2024-12-15T03:35:27.985990+00:00
PaBVChUX,31,4.48,2024-12-15T03:35:27.985995+00:00
XCM3FznT,75,379.59,2024-12-15T03:35:27.986001+00:00
s7wTEEra,25,274.12,2024-12-15T03:35:27.986007+00:00
b0H1RSZR,100,965.42,2024-12-15T03:35:27.986015+00:00
kveO7J8g,67,910.85,2024-12-15T03:35:27.986021+00:00
4Hbh76gD,38,7.12,2024-12-15T03:35:27.986027+00:00
Cz23TAm2,98,823.23,2024-12-15T03:35:27.986033+00:00
9XEPITN9,44,205.8,2024-12-15T03:35:27.986038+00:00
bWwCbKJA,100,755.28,2024-12-15T03:35:27.986044+00:00
g54S7BMv,39,73.08,2024-12-15T03:35:27.986050+00:00
Q8UYGPjB,39,374.63,2024-12-15T03:35:27.986056+00:00
fDtqnH2f,20,139.81,2024-12-15T03:35:27.986061+00:00
kMWtbm9H,26,931.42,2024-12-15T03:35:27.986067+00:00
tYOCFYOc,43,633.08,2024-12-15T03:35:27.986073+00:00
Zo3OHQ2u,55,95.14,2024-12-15T03:35:27.986079+00:00
LVFRbLpr,68,172.02,2024-12-15T03:35:27.986085+00:00
Bg83L2Cz,73,160.22,2024-12-15T03:35:27.986093+00:00
L7Wtt23n,20,660.3,2024-12-15T03:35:27.986098+00:00
KIKbCtN4,1,342.85,2024-12-15T03:35:27.986104+00:00
nKlmCH99,6,5.91,2024-12-15T03:35:27.986112+00:00
10fYjbBY,34,628.72,2024-12-15T03:35:27.986120+00:00
0HIMCnGo,25,816.24,2024-12-15T03:35:27.986128+00:00
flvgCuDG,48,373.37,2024-12-15T03:35:27.986135+00:00
6FjEssbJ,97,562.18,2024-12-15T03:35:27.986140+00:00
gPeqyh1P,52,939.35,2024-12-15T03:35:27.986146+00:00
YzF9vZdq,25,230.67,2024-12-15T03:35:27.986152+00:00
EKLbqdZp,35,772.74,2024-12-15T03:35:27.986159+00:00
VrTBxnxd,36,661.49,2024-12-15T03:35:27.986165+00:00
hSma1ioe,82,606.37,2024-12-15T03:35:27.986171+00:00
p9QOkNZ4,59,508.44,2024-12-15T03:35:27.986178+00:00
vh34lLoP,100,619.93,2024-12-15T03:35:27.986202+00:00
8IDWbJsW,24,130.05,2024-12-15T03:35:27.986212+00:00
RaYHnJd7,37,741.7,2024-12-15T03:35:27.986227+00:00
A6pQA4BQ,18,376.92,2024-12-15T03:35:27.986235+00:00
F9JiTCjV,94,393.3,2024-12-15T03:35:27.986242+00:00
JCPuHE46,54,287.43,2024-12-15T03:35:27.986250+00:00
pAAFV7vL,22,934.18,2024-12-15T03:35:27.986257+00:00
wtaz7bW2,50,173.88,2024-12-15T03:35:27.986263+00:00
NhFjWKwv,49,239.08,2024-12-15T03:35:27.986267+00:00
l1GD8EHs,38,398.03,2024-12-15T03:35:27.986271+00:00
jHPDZ42C,53,685.94,2024-12-15T03:35:27.986274+00:00
ov3RPI7i,60,81.35,2024-12-15T03:35:27.986277+00:00
AsKmKhyO,61,235.47,2024-12-15T03:35:27.986281+00:00
me75RZRN,66,57.64,2024-12-15T03:35:27.986284+00:00
E6CdJCOP,46,326.01,2024-12-15T03:35:27.986287+00:00
pA2Ru1pm,31,906.76,2024-12-15T03:35:27.986291+00:00
71iSrdql,84,183.02,2024-12-15T03:35:27.986294+00:00
sFf3XDlN,35,675.32,2024-12-15T03:35:27.986298+00:00
qxsOld11,35,974.95,2024-12-15T03:35:27.986304+00:00
GSSmIz2R,5,700.4,2024-12-15T03:35:27.986307+00:00
pkDWioou,70,946.86,2024-12-15T03:35:27.986310+00:00
ZBjxdU1P,74,594.51,2024-12-15T03:35:27.986314+00:00
XxjpEidp,94,814.62,2024-12-15T03:35:27.986318+00:00
ydKINxzv,57,826.05,2024-12-15T03:35:27.986321+00:00
jKLKnatx,64,693.99,2024-12-15T03:35:27.986326+00:00
zgecTxIP,63,755.03,2024-12-15T03:35:27.986330+00:00
L8gS5Rhk,12,79.14,2024-12-15T03:35:27.986333+00:00
tyVU9aNJ,74,792.93,2024-12-15T03:35:27.986336+00:00
t9kzvtlP,37,950.2,2024-12-15T03:35:27.986340+00:00
nBRiG3EQ,26,787.53,2024-12-15T03:35:27.986343+00:00
naoxqBBo,27,781.86,2024-12-15T03:35:27.986346+00:00
SXQR9FIY,100,816.16,2024-12-15T03:35:27.986350+00:00
a72Nyas7,22,41.55,2024-12-15T03:35:27.986353+00:00
SmaJoSDA,76,632.78,2024-12-15T03:35:27.986356+00:00
YOlTk4TS,62,486.61,2024-12-15T03:35:27.986364+00:00
P79a2uiS,72,790.33,2024-12-15T03:35:27.986371+00:00
V0k3G2d9,45,750.53,2024-12-15T03:35:27.986378+00:00
Krn5OYzW,56,805.11,2024-12-15T03:35:27.986386+00:00
2S56NANr,92,951.62,2024-12-15T03:35:27.986393+00:00
iiU8fG6D,12,533.85,2024-12-15T03:35:27.986400+00:00
rkVwpiJB,84,497.45,2024-12-15T03:35:27.986408+00:00
NcD40ZZV,32,580.85,2024-12-15T03:35:27.986415+00:00
ytokKZ6R,30,845.58,2024-12-15T03:35:27.986420+00:00
aX2emnfz,37,186.82,2024-12-15T03:35:27.986424+00:00
xoJJPI0K,27,346.97,2024-12-15T03:35:27.986427+00:00
PjsT2904,47,174.55,2024-12-15T03:35:27.986431+00:00
Es8bsOnB,79,626.38,2024-12-15T03:35:27.986434+00:00
XGD8Trtn,65,384.64,2024-12-15T03:35:27.986437+00:00
aOXHr166,82,829.35,2024-12-15T03:35:27.986441+00:00
YqcqTKor,1,563.24,2024-12-15T03:35:27.986444+00:00
QVJkMCex,59,699.01,2024-12-15T03:35:27.986450+00:00
W2AT1MAc,9,145.99,2024-12-15T03:35:27.986454+00:00
alxnJDpQ,34,891.76,2024-12-15T03:35:27.986458+00:00
PusunmtT,6,964.47,2024-12-15T03:35:27.986461+00:00
6bwRieFp,12,808.0,2024-12-15T03:35:27.986464+00:00
qi8sMmXo,47,219.18,2024-12-15T03:35:27.986468+00:00
KqNKtFMc,98,417.51,2024-12-15T03:35:27.986472+00:00
zYOMybXz,32,410.24,2024-12-15T03:35:27.986475+00:00
WMoNxbt0,44,590.4,2024-12-15T03:35:27.986478+00:00
HMTG1dlO,91,520.31,2024-12-15T03:35:27.986482+00:00
ZxXYViNl,56,147.96,2024-12-15T03:35:27.986485+00:00
hTkcNy6W,69,835.81,2024-12-15T03:35:27.986488+00:00
LsAlnPEm,71,944.52,2024-12-15T03:35:27.986492+00:00
yUep7R1L,42,926.8,2024-12-15T03:35:27.986495+00:00
WZxxsE05,38,477.59,2024-12-15T03:35:27.986498+00:00
WI7gFtG7,39,10.64,2024-12-15T03:35:27.986504+00:00
XKIfeIj7,99,492.59,2024-12-15T03:35:27.986507+00:00
4trttMSX,10,985.91,2024-12-15T03:35:27.986510+00:00
ZgoRdj3W,80,407.55,2024-12-15T03:35:27.986513+00:00
u295hRW9,43,196.01,2024-12-15T03:35:27.986517+00:00
iEWbpzyU,67,517.79,2024-12-15T03:35:27.986520+00:00
KALV12Ls,78,371.99,2024-12-15T03:35:27.986523+00:00
tlVdFjzf,66,857.34,2024-12-15T03:35:27.986527+00:00
64cWdhJE,25,42.81,2024-12-15T03:35:27.986530+00:00
EfuFPq2J,21,535.72,2024-12-15T03:35:27.986533+00:00
znae62Hq,74,965.02,2024-12-15T03:35:27.986539+00:00
E3LvZwY7,75,276.82,2024-12-15T03:35:27.986542+00:00
NjwRvz8y,37,658.1,2024-12-15T03:35:27.986545+00:00
43abxP44,11,144.08,2024-12-15T03:35:27.986549+00:00
NsOFExCS,63,849.07,2024-12-15T03:35:27.986552+00:00
UVnD854i,65,596.61,2024-12-15T03:35:27.986555+00:00
LxSMnx1O,56,252.86,2024-12-15T03:35:27.986559+00:00
tsn1Wq0u,50,255.93,2024-12-15T03:35:27.986564+00:00
S6UZLZow,61,265.95,2024-12-15T03:35:27.986567+00:00
dj622fJI,44,70.75,2024-12-15T03:35:27.986570+00:00
F7BWkTVC,85,3.83,2024-12-15T03:35:27.986574+00:00
1wBicgkq,47,736.7,2024-12-15T03:35:27.986577+00:00
HuHCKQXw,40,531.75,2024-12-15T03:35:27.986581+00:00
Smn8ELzx,7,800.86,2024-12-15T03:35:27.986584+00:00
hDFgb38X,1,883.44,2024-12-15T03:35:27.986587+00:00
0owngyMn,5,295.86,2024-12-15T03:35:27.986590+00:00
OygVTAnO,34,570.03,2024-12-15T03:35:27.986594+00:00
XO9eOWB6,75,501.75,2024-12-15T03:35:27.986597+00:00
5IKJ59f7,14,256.43,2024-12-15T03:35:27.986600+00:00
YVwG2ID5,61,543.28,2024-12-15T03:35:27.986604+00:00
cOtrIBRD,88,407.51,2024-12-15T03:35:27.986609+00:00
kQ5grB0A,80,408.9,2024-12-15T03:35:27.986617+00:00
ufuaLr05,98,501.83,2024-12-15T03:35:27.986625+00:00
KJkurfsZ,49,136.41,2024-12-15T03:35:27.986632+00:00
aRv5oy1R,4,716.29,2024-12-15T03:35:27.986639+00:00
dRnXSfxd,46,115.17,2024-12-15T03:35:27.986646+00:00
7IaNjsEu,71,314.11,2024-12-15T03:35:27.986653+00:00
ojH9xMWQ,52,309.25,2024-12-15T03:35:27.986660+00:00
mg3ToPyK,26,57.38,2024-12-15T03:35:27.986667+00:00
7BBDwEBP,76,303.97,2024-12-15T03:35:27.986674+00:00
b4g7zCEW,19,893.12,2024-12-15T03:35:27.986680+00:00
WFMfuF4E,64,912.8,2024-12-15T03:35:27.986686+00:00
s8OP57WU,23,856.2,2024-12-15T03:35:27.986693+00:00
tD10CfEK,35,329.59,2024-12-15T03:35:27.986698+00:00
VRNA8SAb,50,434.79,2024-12-15T03:35:27.986704+00:00
qcd7wAtr,56,356.52,2024-12-15T03:35:27.986709+00:00
Sp9pIudr,90,957.03,2024-12-15T03:35:27.986717+00:00
cn8OiAPL,51,404.62,2024-12-15T03:35:27.986724+00:00
03wna4ag,19,904.73,2024-12-15T03:35:27.986731+00:00
bMqEojZ8,44,533.57,2024-12-15T03:35:27.986744+00:00
LXbPqCEO,12,24.84,2024-12-15T03:35:27.986752+00:00
Gvl2yYEQ,42,570.75,2024-12-15T03:35:27.986758+00:00
XwdipnDJ,4,839.72,2024-12-15T03:35:27.986762+00:00
HPvrqh3a,45,334.74,2024-12-15T03:35:27.986765+00:00
6ma0093u,15,581.3,2024-12-15T03:35:27.986769+00:00
7xcgFrgL,11,719.08,2024-12-15T03:35:27.986773+00:00
8p2m9g2B,35,820.24,2024-12-15T03:35:27.986776+00:00
427PrnFY,97,173.83,2024-12-15T03:35:27.986780+00:00
QJ5ITnL0,44,137.31,2024-12-15T03:35:27.986783+00:00
nQ3DzW3d,66,401.9,2024-12-15T03:35:27.986786+00:00
GvWb0P18,31,423.24,2024-12-15T03:35:27.986789+00:00
7pvFl2Uh,61,131.54,2024-12-15T03:35:27.986793+00:00
uBdl8wW7,63,160.04,2024-12-15T03:35:27.986799+00:00
safqXZcj,1,251.6,2024-12-15T03:35:27.986803+00:00
pYtllomK,100,287.3,2024-12-15T03:35:27.986808+00:00
Wf5r5KyK,60,780.41,2024-12-15T03:35:27.986811+00:00
gI2oAqfF,23,823.2,2024-12-15T03:35:27.986815+00:00
BHR4pYLr,20,921.58,2024-12-15T03:35:27.986818+00:00
LT8Jvu59,3,253.43,2024-12-15T03:35:27.986822+00:00
1GfXuFGj,98,366.0,2024-12-15T03:35:27.986825+00:00
hKAIHw0T,51,764.93,2024-12-15T03:35:27.986828+00:00
E3ZT9HvL,92,790.83,2024-12-15T03:35:27.986832+00:00
aM0PjELB,16,55.63,2024-12-15T03:35:27.986835+00:00
3lFPqv4T,38,410.21,2024-12-15T03:35:27.986839+00:00
KE6RSiW5,41,931.71,2024-12-15T03:35:27.986842+00:00
FHrzJLaY,31,50.93,2024-12-15T03:35:27.986845+00:00
S1XcUsAX,68,548.62,2024-12-15T03:35:27.986848+00:00
ityH069k,84,930.8,2024-12-15T03:35:27.986853+00:00
6OKzrovH,45,86.36,2024-12-15T03:35:27.986856+00:00
SkJDvIb9,74,886.47,2024-12-15T03:35:27.986860+00:00
piYyupm5,53,436.87,2024-12-15T03:35:27.986863+00:00
uN5ZNHsZ,53,248.5,2024-12-15T03:35:27.986868+00:00
HENSBAcv,50,275.09,2024-12-15T03:35:27.986872+00:00
byrt5bof,91,455.04,2024-12-15T03:35:27.986875+00:00
tWQdEj81,67,309.77,2024-12-15T03:35:27.986878+00:00
QXFuynH5,15,877.86,2024-12-15T03:35:27.986881+00:00
F3sfYNdi,15,510.63,2024-12-15T03:35:27.986885+00:00
t4HWo89d,48,586.82,2024-12-15T03:35:27.986889+00:00
X83TfXNC,17,841.11,2024-12-15T03:35:27.986892+00:00
5Iz35pXb,86,786.56,2024-12-15T03:35:27.986895+00:00
Mck1bldV,5,298.7,2024-12-15T03:35:27.986898+00:00
JbMSf6z8,6,810.49,2024-12-15T03:35:27.986902+00:00
ZKKInqXe,91,463.21,2024-12-15T03:35:27.986905+00:00
T5eet98t,16,521.39,2024-12-15T03:35:27.986908+00:00
4jksyobN,67,602.12,2024-12-15T03:35:27.986911+00:00
sDIaJZ3Q,16,203.89,2024-12-15T03:35:27.986915+00:00
29rPn7H4,96,974.24,2024-12-15T03:35:27.986918+00:00
1iZIg6kl,77,872.67,2024-12-15T03:35:27.986921+00:00
s3HP0QYr,8,124.01,2024-12-15T03:35:27.986924+00:00
igD4S2R6,96,943.81,2024-12-15T03:35:27.986928+00:00
Ev6fsvC8,77,859.95,2024-12-15T03:35:27.986931+00:00
Cxtyz3zF,82,760.79,2024-12-15T03:35:27.986934+00:00
by4YSYTI,23,46.72,2024-12-15T03:35:27.986938+00:00
io5kxjh9,81,887.54,2024-12-15T03:35:27.986941+00:00
a4LUu8al,58,321.08,2024-12-15T03:35:27.986944+00:00
ceos29Mu,34,9.18,2024-12-15T03:35:27.986948+00:00
4xUomwDY,52,119.79,2024-12-15T03:35:27.986951+00:00
VFK3xf9q,31,347.22,2024-12-15T03:35:27.986954+00:00
yIJjULgh,15,298.09,2024-12-15T03:35:27.986958+00:00
1GMoUDa4,23,485.04,2024-12-15T03:35:27.986961+00:00
A7SCLgjn,25,413.63,2024-12-15T03:35:27.986964+00:00
RdSzJOVe,61,724.6,2024-12-15T03:35:27.986968+00:00
wYRPlHfx,25,500.32,2024-12-15T03:35:27.986973+00:00
5CoOdWlK,8,236.75,2024-12-15T03:35:27.986978+00:00
oTfre2BG,36,400.46,2024-12-15T03:35:27.986982+00:00
tdAtcU5d,15,530.69,2024-12-15T03:35:27.986985+00:00
5dsRNpsC,25,285.17,2024-12-15T03:35:27.986988+00:00
JXzH3TlX,83,29.22,2024-12-15T03:35:27.986992+00:00
58JphOzL,6,774.8,2024-12-15T03:35:27.986996+00:00
kVvEp95S,70,291.99,2024-12-15T03:35:27.987004+00:00
UkjffCBq,84,157.71,2024-12-15T03:35:27.987011+00:00
d5RB61B9,98,364.54,2024-12-15T03:35:27.987018+00:00
YMkFOHBh,55,983.17,2024-12-15T03:35:27.987025+00:00
Mv0ftVw2,94,256.81,2024-12-15T03:35:27.987031+00:00
6d68ZauZ,55,817.08,2024-12-15T03:35:27.987037+00:00
QOpeDU1G,7,885.19,2024-12-15T03:35:27.987043+00:00
zeZO3nry,6,508.8,2024-12-15T03:35:27.987050+00:00
mYj8Ycyx,74,280.36,2024-12-15T03:35:27.987056+00:00
2XFPA3BK,34,285.41,2024-12-15T03:35:27.987066+00:00
iJXvWr1k,81,66.81,2024-12-15T03:35:27.987073+00:00
A4KjHM5O,11,668.57,2024-12-15T03:35:27.987079+00:00
r6r3EXFr,46,786.62,2024-12-15T03:35:27.987086+00:00
NCicXPFm,38,234.84,2024-12-15T03:35:27.987093+00:00
XeDqMC20,13,850.9,2024-12-15T03:35:27.987099+00:00
ye2jxsIu,34,267.02,2024-12-15T03:35:27.987107+00:00
eCBpbfYx,3,537.38,2024-12-15T03:35:27.987114+00:00
QZd5Nsvq,78,150.62,2024-12-15T03:35:27.987120+00:00
5UcKuYZ8,13,318.55,2024-12-15T03:35:27.987127+00:00
esUt9vIN,59,472.78,2024-12-15T03:35:27.987134+00:00
DWZNcXIL,8,134.33,2024-12-15T03:35:27.987140+00:00
AwrDudsX,28,259.28,2024-12-15T03:35:27.987146+00:00
YaxWFgoH,6,111.81,2024-12-15T03:35:27.987152+00:00
QZlUWm4F,83,399.36,2024-12-15T03:35:27.987157+00:00
sMRw6EoV,22,924.41,2024-12-15T03:35:27.987163+00:00
gCco8EoT,33,391.27,2024-12-15T03:35:27.987176+00:00
qqyIuhMN,15,722.29,2024-12-15T03:35:27.987183+00:00
Yr0YxZHk,76,21.38,2024-12-15T03:35:27.987188+00:00
BTsTpKWu,95,200.88,2024-12-15T03:35:27.987191+00:00
eUGhwhX6,62,42.3,2024-12-15T03:35:27.987195+00:00
SLiVXn1N,23,47.84,2024-12-15T03:35:27.987198+00:00
9uHoboOZ,22,422.32,2024-12-15T03:35:27.987201+00:00
EIovbrYq,43,921.54,2024-12-15T03:35:27.987205+00:00
TqnCkiNO,57,16.88,2024-12-15T03:35:27.987209+00:00
L1w2mjnW,16,594.21,2024-12-15T03:35:27.987212+00:00
S0Ma6PUT,40,459.2,2024-12-15T03:35:27.987215+00:00
feQmnWLx,18,120.0,2024-12-15T03:35:27.987219+00:00
1Iw4OmsE,8,66.24,2024-12-15T03:35:27.987222+00:00
nwzc7kAT,85,449.92,2024-12-15T03:35:27.987226+00:00
rReJThQD,33,702.14,2024-12-15T03:35:27.987229+00:00
Ew2EaCq3,60,598.47,2024-12-15T03:35:27.987232+00:00
Ottyv3hm,97,654.77,2024-12-15T03:35:27.987236+00:00
PgfwUXMx,27,875.5,2024-12-15T03:35:27.987239+00:00
hr5YMCtM,60,498.3,2024-12-15T03:35:27.987242+00:00
5EIHYgkI,89,826.53,2024-12-15T03:35:27.987250+00:00
uEMJ9Qpk,95,744.85,2024-12-15T03:35:27.987253+00:00
S6TWLFBy,47,79.55,2024-12-15T03:35:27.987257+00:00
fH3LsQJC,46,550.06,2024-12-15T03:35:27.987260+00:00
0aZbzBFQ,42,787.65,2024-12-15T03:35:27.987264+00:00
baYC0QM8,42,179.03,2024-12-15T03:35:27.987267+00:00
6ffkhXaP,4,370.02,2024-12-15T03:35:27.987270+00:00
OMFQTV4R,83,693.9,2024-12-15T03:35:27.987274+00:00
6wKzwMyx,96,715.15,2024-12-15T03:35:27.987277+00:00
YhAAdooO,69,563.22,2024-12-15T03:35:27.987280+00:00
2iKthnXA,77,15.66,2024-12-15T03:35:27.987283+00:00
FrVyxLVh,97,202.73,2024-12-15T03:35:27.987287+00:00
vT65nXza,60,293.71,2024-12-15T03:35:27.987290+00:00
JJNVO5dH,79,210.49,2024-12-15T03:35:27.987295+00:00
AIfZsm5R,85,379.39,2024-12-15T03:35:27.987298+00:00
2tQTdfAl,7,797.86,2024-12-15T03:35:27.987301+00:00
XEita2m8,43,672.28,2024-12-15T03:35:27.987305+00:00
hoYD0Stt,9,340.89,2024-12-15T03:35:27.987308+00:00
EQYjm9wW,47,165.66,2024-12-15T03:35:27.987311+00:00
AwTLP94k,1,827.82,2024-12-15T03:35:27.987314+00:00
CugmvCLw,8,547.37,2024-12-15T03:35:27.987318+00:00
dIOzXsmC,92,696.09,2024-12-15T03:35:27.987322+00:00
225tabhU,66,558.96,2024-12-15T03:35:27.987325+00:00
7wMcuL0J,62,195.21,2024-12-15T03:35:27.987328+00:00
fwALBU6Z,65,522.85,2024-12-15T03:35:27.987332+00:00
7QZgiJZO,26,260.98,2024-12-15T03:35:27.987335+00:00
Mre2awYm,11,404.98,2024-12-15T03:35:27.987338+00:00
mcpzH2yE,43,378.93,2024-12-15T03:35:27.987341+00:00
QyQSIIyo,47,166.14,2024-12-15T03:35:27.987345+00:00
7UfTcFNs,73,298.33,2024-12-15T03:35:27.987350+00:00
L6xBWUtO,95,982.63,2024-12-15T03:35:27.987354+00:00
f6bIeZBM,63,788.49,2024-12-15T03:35:27.987357+00:00
VzZ15P1X,52,835.9,2024-12-15T03:35:27.987360+00:00
7jqLo0TD,2,612.78,2024-12-15T03:35:27.987364+00:00
tHjgWLWn,78,213.7,2024-12-15T03:35:27.987367+00:00
Yfokf2os,18,88.83,2024-12-15T03:35:27.987370+00:00
1jvX5Kxd,97,718.78,2024-12-15T03:35:27.987374+00:00
Ezm6X0kS,58,971.19,2024-12-15T03:35:27.987377+00:00
CcheiiWq,73,666.71,2024-12-15T03:35:27.987380+00:00
NCzIanVL,90,546.39,2024-12-15T03:35:27.987384+00:00
7siyy0Di,34,796.42,2024-12-15T03:35:27.987387+00:00
h5D27Bi1,66,21.91,2024-12-15T03:35:27.987390+00:00
lBeRMWCl,77,422.85,2024-12-15T03:35:27.987394+00:00
SSnnyNa0,13,749.71,2024-12-15T03:35:27.987397+00:00
RSHHlWgf,21,605.06,2024-12-15T03:35:27.987400+00:00
r7ouf86z,58,722.32,2024-12-15T03:35:27.987405+00:00
C9QvR59Z,19,239.46,2024-12-15T03:35:27.987408+00:00
c3y3Xyac,71,378.73,2024-12-15T03:35:27.987412+00:00
gvHXxZeM,39,543.53,2024-12-15T03:35:27.987415+00:00
vnutj0SB,23,840.21,2024-12-15T03:35:27.987418+00:00
Ic2EcryV,46,776.2,2024-12-15T03:35:27.987422+00:00
aOAYp76E,81,861.53,2024-12-15T03:35:27.987427+00:00
qlL5yogR,93,707.3,2024-12-15T03:35:27.987430+00:00
5gD78cmQ,39,913.33,2024-12-15T03:35:27.987433+00:00
JP4kzJCY,100,701.58,2024-12-15T03:35:27.987437+00:00
Chmb44Kt,55,461.14,2024-12-15T03:35:27.987441+00:00
ZR2MpcOE,4,845.84,2024-12-15T03:35:27.987444+00:00
RoxRFHg8,55,642.38,2024-12-15T03:35:27.987447+00:00
Fija4aYS,33,700.2,2024-12-15T03:35:27.987451+00:00
1cOuLz8V,85,179.53,2024-12-15T03:35:27.987454+00:00
pIaoxK9y,88,994.97,2024-12-15T03:35:27.987458+00:00
787jx5Xt,84,124.5,2024-12-15T03:35:27.987465+00:00
lwmiHEz7,56,646.42,2024-12-15T03:35:27.987474+00:00
R9ArAb35,15,555.97,2024-12-15T03:35:27.987480+00:00
wJ9ZBk6y,23,549.02,2024-12-15T03:35:27.987486+00:00
0aI7YzVC,44,885.84,2024-12-15T03:35:27.987492+00:00
YgazBdVz,52,676.45,2024-12-15T03:35:27.987498+00:00
0Igei7bD,30,354.5,2024-12-15T03:35:27.987504+00:00
SCXVCsIQ,18,669.15,2024-12-15T03:35:27.987511+00:00
h6Ed4bJ7,100,359.54,2024-12-15T03:35:27.987517+00:00
4WM2aC2X,44,744.15,2024-12-15T03:35:27.987523+00:00
CfEeae5Y,73,525.77,2024-12-15T03:35:27.987530+00:00
DqXbu0NN,7,62.93,2024-12-15T03:35:27.987537+00:00
GnEV7q4Z,35,150.97,2024-12-15T03:35:27.987543+00:00
JbfRbofA,64,263.04,2024-12-15T03:35:27.987551+00:00
NWljqAXQ,25,704.32,2024-12-15T03:35:27.987558+00:00
9v5Xdgvs,24,505.98,2024-12-15T03:35:27.987567+00:00
AJFFTRBk,35,662.36,2024-12-15T03:35:27.987578+00:00
aUMxuwaS,85,443.12,2024-12-15T03:35:27.987581+00:00
C1TzQBVw,93,306.6,2024-12-15T03:35:27.987585+00:00
D0FnHLKe,31,973.6,2024-12-15T03:35:27.987588+00:00
lnk9cr2U,74,614.15,2024-12-15T03:35:27.987592+00:00
9QSaELaX,44,617.36,2024-12-15T03:35:27.987595+00:00
8W1vcomq,60,56.33,2024-12-15T03:35:27.987598+00:00
rdUZKvby,14,244.42,2024-12-15T03:35:27.987602+00:00
aUuJtTi1,57,975.62,2024-12-15T03:35:27.987605+00:00
xPlYAwK9,17,684.47,2024-12-15T03:35:27.987612+00:00
GsFqIomE,22,816.47,2024-12-15T03:35:27.987620+00:00
2ntYNIE4,92,837.83,2024-12-15T03:35:27.987627+00:00
i12GgZN1,61,945.32,2024-12-15T03:35:27.987634+00:00
MwAd7pBi,97,259.1,2024-12-15T03:35:27.987642+00:00
IAaTi7JT,57,746.74,2024-12-15T03:35:27.987650+00:00
N2w0XhUv,32,918.34,2024-12-15T03:35:27.987661+00:00
UfLFM4NB,47,366.85,2024-12-15T03:35:27.987669+00:00
1Dr6JO23,80,384.17,2024-12-15T03:35:27.987676+00:00
9Rje7akC,9,671.67,2024-12-15T03:35:27.987682+00:00
4Xmxoz5O,93,941.42,2024-12-15T03:35:27.987689+00:00
9PjL74oE,54,960.96,2024-12-15T03:35:27.987697+00:00
EWaOQFCk,33,966.93,2024-12-15T03:35:27.987704+00:00
pmrJDnnQ,21,485.97,2024-12-15T03:35:27.987710+00:00
u2dKJDDe,96,837.72,2024-12-15T03:35:27.987718+00:00
muSpcnK9,52,427.9,2024-12-15T03:35:27.987724+00:00
piz4jN7g,4,894.66,2024-12-15T03:35:27.987729+00:00
p0jhfYzz,50,772.42,2024-12-15T03:35:27.987737+00:00
6KVqzHjZ,39,261.61,2024-12-15T03:35:27.987741+00:00
zoX8lS5A,73,636.83,2024-12-15T03:35:27.987744+00:00
EvEUbuw0,89,314.11,2024-12-15T03:35:27.987748+00:00
I0HL1zAH,27,574.71,2024-12-15T03:35:27.987751+00:00
yWRCn4bp,53,577.54,2024-12-15T03:35:27.987758+00:00
5fSRxlKT,100,517.85,2024-12-15T03:35:27.987769+00:00
AibPmZ4x,56,38.17,2024-12-15T03:35:27.987775+00:00
lxqYCv34,84,914.05,2024-12-15T03:35:27.987782+00:00
oEszHvkt,10,345.44,2024-12-15T03:35:27.987789+00:00
jSHTgz9I,97,421.03,2024-12-15T03:35:27.987796+00:00
dEWI5S7B,87,922.19,2024-12-15T03:35:27.987803+00:00
7DDYJjGt,58,760.86,2024-12-15T03:35:27.987811+00:00
Jx0uD1Kx,88,147.37,2024-12-15T03:35:27.987817+00:00
gCqvz7Hn,98,92.2,2024-12-15T03:35:27.987821+00:00
hPxPhiZl,56,398.24,2024-12-15T03:35:27.987827+00:00
59Jv7klV,57,988.0,2024-12-15T03:35:27.987835+00:00
VcJBL918,53,52.63,2024-12-15T03:35:27.987842+00:00
2RnzfS2I,46,541.79,2024-12-15T03:35:27.987849+00:00
jP8PMp4m,2,265.69,2024-12-15T03:35:27.987855+00:00
AvKXsvjC,90,304.02,2024-12-15T03:35:27.987858+00:00
AywEEvAs,16,676.47,2024-12-15T03:35:27.987862+00:00
wxJDWvxG,24,214.07,2024-12-15T03:35:27.987865+00:00
gCVf9GpW,75,408.12,2024-12-15T03:35:27.987868+00:00
IISl5kZ1,78,999.76,2024-12-15T03:35:27.987872+00:00
XTv33iPS,28,112.14,2024-12-15T03:35:27.987875+00:00
fnprxRSL,5,699.87,2024-12-15T03:35:27.987881+00:00
g3KGDtAv,94,193.98,2024-12-15T03:35:27.987888+00:00
F6EjyUwp,22,278.95,2024-12-15T03:35:27.987896+00:00
x9MsE9yn,14,589.23,2024-12-15T03:35:27.987902+00:00
QRPfttgK,36,874.95,2024-12-15T03:35:27.987910+00:00
ztXQeJcB,48,414.67,2024-12-15T03:35:27.987917+00:00
6LYi9OB9,4,312.18,2024-12-15T03:35:27.987925+00:00
Xj5yAtNv,27,660.61,2024-12-15T03:35:27.987931+00:00
lnjFJZ2b,38,637.99,2024-12-15T03:35:27.987938+00:00
8sHHQj5j,52,278.64,2024-12-15T03:35:27.987987+00:00
HvW1Hfb8,61,964.52,2024-12-15T03:35:27.987996+00:00
6wjZzlja,36,519.68,2024-12-15T03:35:27.988000+00:00
DlcHoB38,77,746.71,2024-12-15T03:35:27.988008+00:00
mnKHLlsv,17,376.11,2024-12-15T03:35:27.988011+00:00
yDrG6JGB,54,347.78,2024-12-15T03:35:27.988015+00:00
HxylX9w0,66,284.19,2024-12-15T03:35:27.988018+00:00
5CpTwTLf,37,672.67,2024-12-15T03:35:27.988022+00:00
KLa8BuAA,77,833.24,2024-12-15T03:35:27.988025+00:00
TAhzdoBj,67,277.17,2024-12-15T03:35:27.988028+00:00
6xTGxg1Y,27,935.85,2024-12-15T03:35:27.988031+00:00
RsqCQy8S,36,305.38,2024-12-15T03:35:27.988035+00:00
L93flMV4,86,993.33,2024-12-15T03:35:27.988038+00:00
AzuIbmvH,34,906.07,2024-12-15T03:35:27.988042+00:00
evGGTQ5c,76,872.65,2024-12-15T03:35:27.988045+00:00
sZJnt9P6,4,132.42,2024-12-15T03:35:27.988050+00:00
W6FIE1ci,81,971.02,2024-12-15T03:35:27.988054+00:00
GQf6uY4X,35,881.6,2024-12-15T03:35:27.988057+00:00
r7woLNwU,39,910.54,2024-12-15T03:35:27.988062+00:00
0RICnwBE,34,522.84,2024-12-15T03:35:27.988065+00:00
ildpIrHz,73,907.28,2024-12-15T03:35:27.988069+00:00
CPDpjYDn,23,637.15,2024-12-15T03:35:27.988072+00:00
8ykaVGow,29,76.07,2024-12-15T03:35:27.988075+00:00
2n9rkj73,18,702.13,2024-12-15T03:35:27.988079+00:00
ZAuoAwvO,76,327.28,2024-12-15T03:35:27.988082+00:00
sYGHTYrZ,8,825.54,2024-12-15T03:35:27.988085+00:00
kjjtRqvi,28,950.62,2024-12-15T03:35:27.988089+00:00
hE0DgCkP,81,63.48,2024-12-15T03:35:27.988092+00:00
lzrJctmt,95,508.27,2024-12-15T03:35:27.988095+00:00
1syrOGyM,69,330.12,2024-12-15T03:35:27.988098+00:00
2pmL8bG3,7,97.73,2024-12-15T03:35:27.988102+00:00
TibRjB4U,46,960.08,2024-12-15T03:35:27.988105+00:00
F9kpVIJB,33,511.02,2024-12-15T03:35:27.988108+00:00
6VkxIec9,75,219.42,2024-12-15T03:35:27.988111+00:00
khj4p6dc,35,596.4,2024-12-15T03:35:27.988115+00:00
tDdPKqvR,98,262.53,2024-12-15T03:35:27.988120+00:00
DJmnO6hr,62,851.29,2024-12-15T03:35:27.988123+00:00
qtaSOAFl,41,462.65,2024-12-15T03:35:27.988126+00:00
H4SiuyV8,45,619.89,2024-12-15T03:35:27.988130+00:00
MiJ277HB,29,766.5,2024-12-15T03:35:27.988133+00:00
cRBmMbou,10,666.78,2024-12-15T03:35:27.988136+00:00
rXittkVW,100,243.02,2024-12-15T03:35:27.988139+00:00
22FoXp2u,43,583.08,2024-12-15T03:35:27.988143+00:00
dE9vARaO,53,350.78,2024-12-15T03:35:27.988146+00:00
S4Hb21XQ,68,58.68,2024-12-15T03:35:27.988149+00:00
dbd99fI9,67,72.54,2024-12-15T03:35:27.988152+00:00
vWaWQEoS,97,844.61,2024-12-15T03:35:27.988156+00:00
PcO29CCU,44,886.58,2024-12-15T03:35:27.988160+00:00
zYbrvBwC,9,35.47,2024-12-15T03:35:27.988163+00:00
niMq4Q1H,51,748.73,2024-12-15T03:35:27.988166+00:00
mDoHj9Az,37,154.3,2024-12-15T03:35:27.988169+00:00
6jB8kwTZ,77,364.56,2024-12-15T03:35:27.988328+00:00
7UTrSnlQ,11,571.81,2024-12-15T03:35:27.988342+00:00
8avvpCEY,53,389.92,2024-12-15T03:35:27.988349+00:00
TdRSVCtv,9,263.65,2024-12-15T03:35:27.988353+00:00
Wz7M8Tml,41,562.09,2024-12-15T03:35:27.988356+00:00
81hUGk3I,22,604.41,2024-12-15T03:35:27.988360+00:00
heoDAiPK,43,674.3,2024-12-15T03:35:27.988363+00:00
g65TqGh7,13,881.77,2024-12-15T03:35:27.988366+00:00
jwSBSG4B,96,578.13,2024-12-15T03:35:27.988370+00:00
aTbkT2Co,99,118.57,2024-12-15T03:35:27.988373+00:00
M2bex9NH,80,563.31,2024-12-15T03:35:27.988377+00:00
cAtN2JqC,92,725.19,2024-12-15T03:35:27.988380+00:00
O2oac19R,92,440.91,2024-12-15T03:35:27.988387+00:00
OIuVxmN3,41,596.87,2024-12-15T03:35:27.988390+00:00
JL3pFaBe,35,932.38,2024-12-15T03:35:27.988394+00:00
GGWKxebh,87,38.69,2024-12-15T03:35:27.988397+00:00
jVPSVSPE,85,932.7,2024-12-15T03:35:27.988403+00:00
5RwfIuyu,53,799.24,2024-12-15T03:35:27.988406+00:00
8XbOlbB7,67,788.92,2024-12-15T03:35:27.988409+00:00
uczzJVjJ,39,220.02,2024-12-15T03:35:27.988413+00:00
h6tSOeE7,10,398.1,2024-12-15T03:35:27.988416+00:00
PrjrOMDT,18,719.98,2024-12-15T03:35:27.988419+00:00
Fw4v3pr0,43,266.51,2024-12-15T03:35:27.988423+00:00
6ISVp3vN,27,719.3,2024-12-15T03:35:27.988426+00:00
2AISlBAs,20,428.2,2024-12-15T03:35:27.988429+00:00
tn97F2lV,86,151.07,2024-12-15T03:35:27.988433+00:00
QAuMuP67,88,409.82,2024-12-15T03:35:27.988437+00:00
KsDWwAYD,22,679.98,2024-12-15T03:35:27.988441+00:00
pmJz4Jap,37,517.56,2024-12-15T03:35:27.988444+00:00
s8s9jCEj,20,522.61,2024-12-15T03:35:27.988448+00:00
zqzdH2ND,68,676.0,2024-12-15T03:35:27.988451+00:00
BtZ1H2s4,90,999.96,2024-12-15T03:35:27.988458+00:00
iWNk0M0U,78,467.61,2024-12-15T03:35:27.988462+00:00
FLHhmeea,78,670.15,2024-12-15T03:35:27.988465+00:00
1BAqvtyW,48,509.14,2024-12-15T03:35:27.988469+00:00
ozLKhh1S,82,552.44,2024-12-15T03:35:27.988472+00:00
Kc8PI3Hs,23,803.21,2024-12-15T03:35:27.988476+00:00
LYIad6E4,7,7.75,2024-12-15T03:35:27.988479+00:00
IVRLyo7N,100,83.4,2024-12-15T03:35:27.988482+00:00
gsDZupNb,36,50.29,2024-12-15T03:35:27.988486+00:00
HIhjfYqT,2,686.07,2024-12-15T03:35:27.988489+00:00
NcrHvMeh,58,382.12,2024-12-15T03:35:27.988492+00:00
tOIi1u6D,85,270.31,2024-12-15T03:35:27.988495+00:00
tWpqefhD,98,801.53,2024-12-15T03:35:27.988499+00:00
k2BG1kNt,73,367.56,2024-12-15T03:35:27.988502+00:00
FHqvR2sL,60,957.7,2024-12-15T03:35:27.988505+00:00
5raYacSW,87,952.84,2024-12-15T03:35:27.988509+00:00
2i13oe8s,9,518.84,2024-12-15T03:35:27.988512+00:00
XQOxbkp4,42,178.07,2024-12-15T03:35:27.988517+00:00
5pZTyX88,39,637.47,2024-12-15T03:35:27.988520+00:00
cPOMixTe,90,671.19,2024-12-15T03:35:27.988524+00:00
L96HvvVm,33,479.1,2024-12-15T03:35:27.988527+00:00
